mae,mse
1.2164109,3.1065624
